el_0001.wav|καθαρή αξία οκτακόσια δεκαπέντε ευρώ και πενήντα λεπτά.
el_0002.wav|καθαρή αξία εβδομήντα εννέα ευρώ.
el_0003.wav|κατάσταση, αναμονή
el_0004.wav|προγραμματίστηκε για τις μία και σαράντα πέντε.
el_0005.wav|το τιμολόγιο είναι δεκαεπτά χιλιάδες διακόσια εξήντα ένα ευρώ με φιπιά.
el_0006.wav|κατάσταση, ενεργό
el_0007.wav|σύνολο σαράντα τέσσερις χιλιάδες εννιακόσια πενήντα επτά ευρώ.
el_0008.wav|το αφιμί, ογδόντα τρία, εξήντα έξι, σαράντα επτά, οκτακόσια ογδόντα τρία, δεν υπάρχει στο πελατολόγιο.
el_0009.wav|το αφιμί, δεκαέξι, μηδέν ένα, τριάντα οκτώ, διακόσια είκοσι έξι, δεν υπάρχει στο πελατολόγιο.
el_0010.wav|αφιμί, σαράντα τρία, ογδόντα δύο, ογδόντα επτά, επτακόσια ενενήντα έξι
el_0011.wav|ετοίμασα ζιπ με τετρακόσια δεκαοκτώ πι ντι εφ παραστατικά.
el_0012.wav|έχεις πεντακόσια πενήντα οκτώ αδιάβαστες ειδοποιήσεις.
el_0013.wav|υπόλοιπο πελάτη, πεντακόσια εβδομήντα πέντε ευρώ
el_0014.wav|αναζήτηση στην ααδέ για αφιμί, δεκαεννέα, εξήντα εννέα, ογδόντα, μηδέν πέντε εννέα.
el_0015.wav|επικοινωνία στο, είκοσι τρία, μηδέν εννέα, πενήντα ένα, δώδεκα, σαράντα οκτώ.
el_0016.wav|προγραμματίστηκε για τις τρεις ακριβώς.
el_0017.wav|το αφιμί, τριάντα εννέα, δεκατρία, ενενήντα τρία, εννιακόσια τριάντα ένα, ανήκει σε ανενεργή επιχείρηση.
el_0018.wav|το παραστατικό εκδόθηκε με μαρκ, σαράντα έξι, πενήντα ένα, δεκαοκτώ, εβδομήντα τρία, ενενήντα τρία, εβδομήντα, πεντακόσια σαράντα οκτώ.
el_0019.wav|έφτιαξα πρόχειρο τιμολόγιο για τον, εβδομήντα επτά, ενενήντα τρία, ενενήντα τρία, μηδέν δύο οκτώ.
el_0020.wav|κατάσταση, τιμολόγιο
el_0021.wav|σύνολο επτά χιλιάδες είκοσι ένα ευρώ και σαράντα έξι λεπτά.
el_0022.wav|το αφιμί, πενήντα έξι, εξήντα έξι, ογδόντα εννέα, οκτακόσια τριάντα τέσσερα, δεν υπάρχει στο πελατολόγιο.
el_0023.wav|λήγει έξι απριλίου δύο χιλιάδες είκοσι πέντε.
el_0024.wav|μαρκ, σαράντα δύο, εβδομήντα ένα, έντεκα, πενήντα οκτώ, δεκαεπτά, εξήντα εννέα, οκτακόσια ογδόντα έξι
el_0025.wav|έχεις οκτακόσια τριάντα αδιάβαστες ειδοποιήσεις.
el_0026.wav|βρήκα τον πελάτη με αφιμί, είκοσι επτά, σαράντα τρία, εξήντα δύο, διακόσια τρία.
el_0027.wav|τηλέφωνο, είκοσι τέσσερα, τριάντα, τριάντα επτά, ενενήντα τρία, δεκαεννέα
el_0028.wav|το τιμολόγιο είναι ενενήντα τέσσερις χιλιάδες εξακόσια πενήντα εννέα ευρώ και ενενήντα επτά λεπτά με φιπιά.
el_0029.wav|υπόλοιπο πελάτη, εβδομήντα μία χιλιάδες εξακόσια πενήντα τρία ευρώ
el_0030.wav|άνοιξε το φιπιά.
el_0031.wav|πληρωμή διακόσια εβδομήντα επτά ευρώ καταχωρήθηκε.
el_0032.wav|καθαρή αξία είκοσι εννέα χιλιάδες πεντακόσια είκοσι τρία ευρώ και πενήντα λεπτά.
el_0033.wav|ενενήντα τρεις χιλιάδες εννιακόσια πενήντα δύο ευρώ και δεκαεπτά λεπτά
el_0034.wav|αφιμί, εβδομήντα ένα, εξήντα τέσσερα, ενενήντα πέντε, επτακόσια πενήντα ένα
el_0035.wav|αφιμί, σαράντα τέσσερα, εβδομήντα τέσσερα, εξήντα έξι, εκατόν είκοσι τρία
el_0036.wav|το τιμολόγιο είναι πενήντα χιλιάδες τετρακόσια ενενήντα ευρώ και πενήντα λεπτά με φιπιά.
el_0037.wav|το αφιμί, σαράντα επτά, σαράντα ένα, δώδεκα, τριακόσια σαράντα εννέα, δεν είναι έγκυρο.
el_0038.wav|το αφιμί, εξήντα επτά, εξήντα δύο, τριάντα δύο, τετρακόσια ογδόντα πέντε, δεν είναι έγκυρο.
el_0039.wav|το αφιμί, εξήντα, ογδόντα πέντε, πενήντα, εννιακόσια πενήντα δύο, δεν είναι έγκυρο.
el_0040.wav|καταχωρήθηκε στην ααδέ με μαρκ, σαράντα επτά, πενήντα, σαράντα εννέα, ενενήντα τρία, μηδέν ένα, πενήντα τρία, πεντακόσια ογδόντα εννέα.
el_0041.wav|υπόλοιπο πελάτη, πέντε χιλιάδες τετρακόσια είκοσι ένα ευρώ
el_0042.wav|σειρά βήτα, αριθμός πεντακόσια είκοσι
el_0043.wav|μαρκ, σαράντα πέντε, δεκαπέντε, δεκατέσσερα, ενενήντα τέσσερα, είκοσι εννέα, ενενήντα επτά, επτακόσια εννέα
el_0044.wav|αφιμί, πενήντα εννέα, σαράντα έξι, πενήντα έξι, διακόσια σαράντα επτά
el_0045.wav|αφιμί, δεκαπέντε, σαράντα εννέα, τριάντα δύο, εννιακόσια είκοσι
el_0046.wav|το αφιμί, ενενήντα, ογδόντα εννέα, ενενήντα τέσσερα, οκτακόσια τριάντα οκτώ, δεν είναι έγκυρο.
el_0047.wav|ετοίμασα ζιπ με επτακόσια εξήντα τέσσερα πι ντι εφ παραστατικά.
el_0048.wav|το τιμολόγιο είναι πεντακόσια ογδόντα τέσσερα ευρώ και πενήντα λεπτά με φιπιά.
el_0049.wav|καθαρή αξία εξακόσια ενενήντα οκτώ ευρώ.
el_0050.wav|εκδόθηκε στις δύο ιανουαρίου δύο χιλιάδες είκοσι έξι.
el_0051.wav|το αφιμί, εξήντα, εξήντα έξι, ενενήντα δύο, πεντακόσια ενενήντα, δεν είναι έγκυρο.
el_0052.wav|σειρά άλφα, αριθμός τρεις χιλιάδες πεντακόσια σαράντα δύο
el_0053.wav|έχεις εξακόσια εβδομήντα οκτώ αδιάβαστες ειδοποιήσεις.
el_0054.wav|αφιμί, εβδομήντα έξι, πενήντα ένα, εξήντα εννέα, μηδέν εννέα δύο
el_0055.wav|ημερομηνία, είκοσι μαΐου δύο χιλιάδες είκοσι τέσσερα
el_0056.wav|εξήντα οκτώ, ογδόντα ένα, πενήντα οκτώ, εννιακόσια σαράντα οκτώ
el_0057.wav|τηλέφωνο, είκοσι ένα, τριάντα εννέα, ογδόντα πέντε, ογδόντα εννέα, ενενήντα τρία
el_0058.wav|άνοιξε το ιμέιλ.
el_0059.wav|ο πελάτης με αφιμί, είκοσι εννέα, δεκατέσσερα, σαράντα, τετρακόσια σαράντα δύο, καταχωρήθηκε.
el_0060.wav|ο πελάτης με αφιμί, εβδομήντα έξι, δεκαπέντε, σαράντα, τριακόσια ενενήντα επτά, καταχωρήθηκε.
el_0061.wav|με φιπιά τρία τοις εκατό και παρακράτηση είκοσι τοις εκατό.
el_0062.wav|καθαρή αξία εξακόσια εβδομήντα έξι ευρώ και είκοσι λεπτά.
el_0063.wav|ο πελάτης με αφιμί, εξήντα επτά, ενενήντα οκτώ, είκοσι έξι, πεντακόσια εννέα, καταχωρήθηκε.
el_0064.wav|αφιμί, πενήντα τρία, ενενήντα έξι, δεκαπέντε, πεντακόσια εννέα
el_0065.wav|το τιμολόγιο είναι διακόσια τριάντα πέντε ευρώ με φιπιά.
el_0066.wav|το αφιμί, εξήντα ένα, τριάντα ένα, ογδόντα έξι, τετρακόσια ενενήντα επτά, δεν είναι έγκυρο.
el_0067.wav|πενήντα έξι χιλιάδες εννιακόσια είκοσι πέντε ευρώ
el_0068.wav|σειρά τιμολόγιο παροχής υπηρεσιών, αριθμός πέντε χιλιάδες διακόσια εξήντα εννέα
el_0069.wav|εκδόθηκε στις δώδεκα ιουλίου δύο χιλιάδες είκοσι έξι.
el_0070.wav|άνοιξα τη μαζική έκδοση.
el_0071.wav|σειρά απόδειξη παροχής υπηρεσιών, αριθμός πέντε χιλιάδες εκατόν τριάντα εννέα
el_0072.wav|έχεις εξακόσια ένα αδιάβαστες ειδοποιήσεις.
el_0073.wav|καταχωρήθηκε στην ααδέ με μαρκ, σαράντα επτά, ενενήντα τρία, ογδόντα οκτώ, εξήντα επτά, μηδέν επτά, μηδέν τρία, πεντακόσια ογδόντα επτά.
el_0074.wav|καταχωρήθηκε στην ααδέ με μαρκ, σαράντα, σαράντα οκτώ, σαράντα πέντε, είκοσι εννέα, ογδόντα οκτώ, τριάντα, εκατόν ενενήντα επτά.
el_0075.wav|μαρκ, σαράντα έξι, εβδομήντα οκτώ, πενήντα οκτώ, ογδόντα έξι, είκοσι, δεκατρία, πεντακόσια ενενήντα πέντε
el_0076.wav|το παραστατικό εκδόθηκε με μαρκ, σαράντα επτά, πενήντα εννέα, τριάντα δύο, εβδομήντα τρία, δεκατέσσερα, μηδέν πέντε, διακόσια δεκατρία.
el_0077.wav|αφιμί, ενενήντα εννέα, ογδόντα τέσσερα, πενήντα εννέα, διακόσια ενενήντα έξι
el_0078.wav|σύνολο είκοσι μία χιλιάδες επτακόσια σαράντα εννέα ευρώ και σαράντα λεπτά.
el_0079.wav|καθαρή αξία εβδομήντα χιλιάδες διακόσια ενενήντα δύο ευρώ.
el_0080.wav|σειρά άλφα, αριθμός τέσσερις χιλιάδες πεντακόσια ενενήντα επτά
el_0081.wav|πες μου τι θέλεις να κάνω.
el_0082.wav|αφιμί, ενενήντα δύο, τριάντα ένα, ενενήντα τρία, οκτακόσια
el_0083.wav|βρήκα τον πελάτη με αφιμί, σαράντα οκτώ, δεκαεννέα, μηδέν μηδέν, τετρακόσια πενήντα εννέα.
el_0084.wav|ακυρώθηκε το παραστατικό με μαρκ, σαράντα δύο, έντεκα, εβδομήντα ένα, ενενήντα επτά, ογδόντα τρία, ογδόντα εννέα, τριακόσια τριάντα.
el_0085.wav|υπόλοιπο πελάτη, τριάντα πέντε χιλιάδες τετρακόσια εβδομήντα πέντε ευρώ
el_0086.wav|ογδόντα δύο χιλιάδες τετρακόσια είκοσι επτά ευρώ και πενήντα λεπτά
el_0087.wav|ακυρώθηκε το παραστατικό με μαρκ, σαράντα πέντε, σαράντα, είκοσι οκτώ, είκοσι εννέα, ογδόντα δύο, ογδόντα τέσσερα, οκτακόσια ογδόντα οκτώ.
el_0088.wav|το αφιμί, ογδόντα επτά, τριάντα ένα, σαράντα πέντε, εκατόν τρία, δεν υπάρχει στο πελατολόγιο.
el_0089.wav|σύνολο πενήντα δύο ευρώ.
el_0090.wav|χρειάζομαι και το είδος για να συνεχίσω.
el_0091.wav|έφτιαξα πρόχειρο τιμολόγιο για τον, εβδομήντα επτά, εβδομήντα δύο, δεκατρία, εξακόσια ογδόντα τρία.
el_0092.wav|λήγει έντεκα νοεμβρίου δύο χιλιάδες είκοσι επτά.
el_0093.wav|αφιμί, ογδόντα ένα, ογδόντα τέσσερα, ενενήντα, μηδέν τρία ένα
el_0094.wav|υπόλοιπο πελάτη, επτακόσια ογδόντα έξι ευρώ και πενήντα λεπτά
el_0095.wav|δώσε ένα έγκυρο εννιαψήφιο αφιμί.
el_0096.wav|έχεις πεντακόσια εξήντα επτά αδιάβαστες ειδοποιήσεις.
el_0097.wav|καταχωρήθηκε στην ααδέ με μαρκ, σαράντα έξι, εβδομήντα οκτώ, μηδέν οκτώ, ενενήντα επτά, τριάντα πέντε, πενήντα επτά, τετρακόσια.
el_0098.wav|αφιμί, εβδομήντα εννέα, σαράντα επτά, σαράντα έξι, τριακόσια πενήντα πέντε
el_0099.wav|πληρωμή εξακόσια δώδεκα ευρώ καταχωρήθηκε.
el_0100.wav|ταυτοποίηση δύο παραγόντων
el_0101.wav|φιπιά είκοσι τέσσερα τοις εκατό
el_0102.wav|υπόλοιπο πελάτη, ενενήντα μία χιλιάδες πεντακόσια ενενήντα ευρώ
el_0103.wav|βρήκα τον πελάτη με αφιμί, εβδομήντα ένα, εβδομήντα δύο, μηδέν επτά, μηδέν πέντε επτά.
el_0104.wav|μαρκ, σαράντα, πενήντα έξι, δεκαεννέα, έντεκα, εβδομήντα πέντε, εβδομήντα επτά, επτακόσια εννέα
el_0105.wav|σύνολο ογδόντα χιλιάδες εννιακόσια ογδόντα τέσσερα ευρώ και πενήντα λεπτά.
el_0106.wav|παρακράτηση δεκατρία τοις εκατό
el_0107.wav|παραστατικά από εννέα ιουνίου δύο χιλιάδες είκοσι τέσσερα έως σήμερα.
el_0108.wav|σειρά άλφα, αριθμός εννέα χιλιάδες εκατόν τριάντα οκτώ
el_0109.wav|άνοιξε το πιστωτικό παραστατικό.
el_0110.wav|σειρά τιμολόγιο παροχής υπηρεσιών, αριθμός έξι χιλιάδες εννιακόσια δεκατέσσερα
el_0111.wav|σειρά άλφα, αριθμός τρεις χιλιάδες τριακόσια τριάντα τρία
el_0112.wav|ετοίμασα ζιπ με τριακόσια σαράντα πέντε πι ντι εφ παραστατικά.
el_0113.wav|σειρά τιμολόγιο παροχής υπηρεσιών, αριθμός χίλια εξακόσια δεκατέσσερα
el_0114.wav|εκδόθηκε στις είκοσι πέντε μαΐου δύο χιλιάδες είκοσι επτά.
el_0115.wav|τηλέφωνο, είκοσι τρία, μηδέν έξι, τριάντα τέσσερα, πενήντα ένα, ογδόντα
el_0116.wav|τηλέφωνο, είκοσι τρία, ενενήντα δύο, εξήντα πέντε, είκοσι εννέα, είκοσι επτά
el_0117.wav|έκπτωση δεκαεπτά τοις εκατό στο σύνολο.
el_0118.wav|ετοίμασα ζιπ με πεντακόσια σαράντα οκτώ πι ντι εφ παραστατικά.
el_0119.wav|ημερομηνία, εννέα ιουλίου δύο χιλιάδες είκοσι τέσσερα
el_0120.wav|το τιμολόγιο είναι τριάντα δύο χιλιάδες επτακόσια ογδόντα τρία ευρώ με φιπιά.
el_0121.wav|παραστατικά από δώδεκα μαΐου δύο χιλιάδες είκοσι έξι έως σήμερα.
el_0122.wav|εκδόθηκε στις έξι απριλίου δύο χιλιάδες είκοσι τέσσερα.
el_0123.wav|σειρά βήτα, αριθμός τέσσερις χιλιάδες τετρακόσια σαράντα πέντε
el_0124.wav|το παραστατικό εκδόθηκε με μαρκ, σαράντα τρία, σαράντα τρία, μηδέν έξι, πενήντα οκτώ, έντεκα, σαράντα οκτώ, εκατόν ογδόντα οκτώ.
el_0125.wav|ετοίμασα ζιπ με εννιακόσια πενήντα εννέα πι ντι εφ παραστατικά.
el_0126.wav|επικοινωνία στο, είκοσι οκτώ, μηδέν οκτώ, σαράντα έξι, εξήντα οκτώ, εβδομήντα εννέα.
el_0127.wav|εκδόθηκε στις πρώτη απριλίου δύο χιλιάδες είκοσι έξι.
el_0128.wav|το αφιμί, εβδομήντα έξι, είκοσι τρία, εξήντα οκτώ, επτακόσια, δεν είναι έγκυρο.
el_0129.wav|προγραμματίστηκε για τις εννέα και δεκαπέντε.
el_0130.wav|σειρά τιμολόγιο παροχής υπηρεσιών, αριθμός πεντακόσια πενήντα τέσσερα
el_0131.wav|επικοινωνία στο, είκοσι ένα, τριάντα επτά, ογδόντα δύο, μηδέν τρία, μηδέν έξι.
el_0132.wav|επικοινωνία στο, είκοσι τρία, τριάντα ένα, είκοσι πέντε, τριάντα, δέκα.
el_0133.wav|το αφιμί, εξήντα ένα, ογδόντα τέσσερα, μηδέν τέσσερα, εκατόν εννέα, δεν υπάρχει στο πελατολόγιο.
el_0134.wav|το τιμολόγιο είναι δύο χιλιάδες οκτακόσια σαράντα οκτώ ευρώ με φιπιά.
el_0135.wav|εκδόθηκε στις έντεκα μαρτίου δύο χιλιάδες είκοσι τρία.
el_0136.wav|το τιμολόγιο είναι τέσσερις χιλιάδες οκτακόσια είκοσι πέντε ευρώ και σαράντα ένα λεπτά με φιπιά.
el_0137.wav|σειρά άλφα, αριθμός τετρακόσια δύο
el_0138.wav|με φιπιά τέσσερα τοις εκατό και παρακράτηση είκοσι τοις εκατό.
el_0139.wav|το πρόχειρο αποθηκεύτηκε.
el_0140.wav|το τιμολόγιο είναι εβδομήντα χιλιάδες εκατόν είκοσι ευρώ με φιπιά.
el_0141.wav|κατάσταση, ολοκληρώθηκε
el_0142.wav|επικοινωνία στο, είκοσι οκτώ, μηδέν πέντε, πενήντα τρία, δεκαεπτά, έντεκα.
el_0143.wav|καταχωρήθηκε στην ααδέ με μαρκ, σαράντα δύο, ενενήντα επτά, εβδομήντα, ογδόντα έξι, δεκαεννέα, σαράντα, τριακόσια έξι.
el_0144.wav|η ααδέ απάντησε, σφάλμα στο παραστατικό με μαρκ, σαράντα επτά, δεκαοκτώ, ογδόντα τρία, εξήντα έξι, πενήντα, μηδέν τέσσερα, τριακόσια ένα.
el_0145.wav|σειρά βήτα, αριθμός επτά χιλιάδες εκατόν ογδόντα εννέα
el_0146.wav|πληρωμή σαράντα έξι χιλιάδες έξι ευρώ και εξήντα λεπτά καταχωρήθηκε.
el_0147.wav|αναζήτηση στην ααδέ για αφιμί, τριάντα επτά, είκοσι ένα, ογδόντα, πεντακόσια τριάντα πέντε.
el_0148.wav|αφιμί, εξήντα εννέα, δεκαέξι, μηδέν οκτώ, πεντακόσια πενήντα επτά
el_0149.wav|το τιμολόγιο είναι τριάντα χιλιάδες οκτακόσια είκοσι έξι ευρώ και πενήντα λεπτά με φιπιά.
el_0150.wav|με φιπιά έξι τοις εκατό και παρακράτηση είκοσι τοις εκατό.
el_0151.wav|καταχωρήθηκε στην ααδέ με μαρκ, σαράντα ένα, τριάντα, μηδέν τέσσερα, ενενήντα έξι, είκοσι τρία, είκοσι πέντε, εκατόν ενενήντα επτά.
el_0152.wav|ογδόντα εννέα, εξήντα τέσσερα, ογδόντα οκτώ, επτακόσια
el_0153.wav|το αφιμί, είκοσι εννέα, είκοσι δύο, εξήντα τέσσερα, πεντακόσια ενενήντα, ανήκει σε ανενεργή επιχείρηση.
el_0154.wav|τετρακόσια εξήντα τρία ευρώ και είκοσι πέντε λεπτά
el_0155.wav|καταχωρήθηκε στην ααδέ με μαρκ, σαράντα τέσσερα, ενενήντα πέντε, ογδόντα οκτώ, μηδέν μηδέν, σαράντα, ογδόντα, διακόσια τριάντα τρία.
el_0156.wav|άνοιξε το κωδικός μιας χρήσης.
el_0157.wav|το τιμολόγιο είναι επτακόσια δεκατέσσερα ευρώ και ενενήντα οκτώ λεπτά με φιπιά.
el_0158.wav|ημερομηνία, πρώτη ιουλίου δύο χιλιάδες είκοσι έξι
el_0159.wav|δεκαεπτά ευρώ
el_0160.wav|έχεις διακόσια τέσσερα αδιάβαστες ειδοποιήσεις.
el_0161.wav|πληρωμή τετρακόσια ενενήντα τέσσερα ευρώ καταχωρήθηκε.
el_0162.wav|καθαρή αξία τετρακόσια τριάντα δύο ευρώ και δεκαεπτά λεπτά.
el_0163.wav|έχεις οκτακόσια εξήντα δύο αδιάβαστες ειδοποιήσεις.
el_0164.wav|αφιμί, δεκατέσσερα, είκοσι οκτώ, ενενήντα εννέα, εξακόσια είκοσι πέντε
el_0165.wav|ο πελάτης με αφιμί, πενήντα ένα, τριάντα δύο, τριάντα ένα, διακόσια τριάντα επτά, καταχωρήθηκε.
el_0166.wav|επικοινωνία στο, είκοσι οκτώ, τριάντα, είκοσι τέσσερα, εβδομήντα ένα, δώδεκα.
el_0167.wav|έχεις πενήντα έξι αδιάβαστες ειδοποιήσεις.
el_0168.wav|λήγει επτά αυγούστου δύο χιλιάδες είκοσι έξι.
el_0169.wav|πληρωμή ενενήντα δύο χιλιάδες εκατόν εξήντα εννέα ευρώ καταχωρήθηκε.
el_0170.wav|επικοινωνία στο, είκοσι πέντε, σαράντα εννέα, εξήντα, εξήντα επτά, εξήντα τρία.
el_0171.wav|ο πελάτης με αφιμί, είκοσι εννέα, τριάντα, ογδόντα έξι, επτακόσια ογδόντα επτά, καταχωρήθηκε.
el_0172.wav|σαράντα έξι, έντεκα, είκοσι δύο, τριακόσια ογδόντα ένα
el_0173.wav|αφιμί, πενήντα εννέα, σαράντα εννέα, είκοσι δύο, εξακόσια ενενήντα τρία
el_0174.wav|επικοινωνία στο, εξήντα εννέα, τριάντα εννέα, εξήντα πέντε, σαράντα τρία, εβδομήντα ένα.
el_0175.wav|παρακράτηση είκοσι τέσσερα τοις εκατό
el_0176.wav|σειρά βήτα, αριθμός οκτώ χιλιάδες επτακόσια είκοσι πέντε
el_0177.wav|τηλέφωνο, είκοσι έξι, μηδέν πέντε, πενήντα τέσσερα, μηδέν δύο, είκοσι πέντε
el_0178.wav|αφιμί, εξήντα, εβδομήντα τέσσερα, τριάντα τρία, τετρακόσια τρία
el_0179.wav|άνοιξε το εφκά.
el_0180.wav|έφτιαξα πρόχειρο τιμολόγιο για τον, ογδόντα δύο, εβδομήντα πέντε, είκοσι έξι, εκατόν ογδόντα.
el_0181.wav|παραστατικά από δεκαπέντε ιουνίου δύο χιλιάδες είκοσι τρία έως σήμερα.
el_0182.wav|πενήντα χιλιάδες επτακόσια τριάντα τρία ευρώ και πενήντα λεπτά
el_0183.wav|άνοιξε το αφιμί.
el_0184.wav|άνοιξα τις ρυθμίσεις.
el_0185.wav|ογδόντα εννέα, εξήντα επτά, ενενήντα ένα, εννιακόσια δεκαεννέα
el_0186.wav|αναζήτηση στην ααδέ για αφιμί, ογδόντα πέντε, εβδομήντα έξι, τριάντα πέντε, διακόσια πενήντα έξι.
el_0187.wav|τηλέφωνο, εξήντα εννέα, ογδόντα, εβδομήντα, σαράντα τρία, εξήντα τρία
el_0188.wav|επικοινωνία στο, είκοσι έξι, σαράντα τέσσερα, μηδέν επτά, είκοσι ένα, εβδομήντα έξι.
el_0189.wav|λήγει είκοσι δύο σεπτεμβρίου δύο χιλιάδες είκοσι τρία.
el_0190.wav|εκδόθηκε στις είκοσι δύο δεκεμβρίου δύο χιλιάδες είκοσι επτά.
el_0191.wav|παραστατικά από δώδεκα φεβρουαρίου δύο χιλιάδες είκοσι πέντε έως σήμερα.
el_0192.wav|πληρωμή εξακόσια εβδομήντα τέσσερα ευρώ καταχωρήθηκε.
el_0193.wav|αφιμί, τριάντα πέντε, εξήντα δύο, είκοσι έξι, μηδέν δύο μηδέν
el_0194.wav|εννιακόσια είκοσι έξι ευρώ
el_0195.wav|αφιμί, δεκατρία, είκοσι έξι, είκοσι πέντε, τριακόσια ογδόντα τέσσερα
el_0196.wav|ακυρώθηκε το παραστατικό με μαρκ, σαράντα οκτώ, πενήντα ένα, ογδόντα οκτώ, ογδόντα, μηδέν επτά, εβδομήντα τέσσερα, διακόσια ενενήντα δύο.
el_0197.wav|πληρωμή εννιακόσια ογδόντα επτά ευρώ και δύο λεπτά καταχωρήθηκε.
el_0198.wav|ακυρώθηκε το παραστατικό με μαρκ, σαράντα οκτώ, τριάντα έξι, ογδόντα δύο, ογδόντα εννέα, ενενήντα δύο, μηδέν οκτώ, εννιακόσια εβδομήντα ένα.
el_0199.wav|έφτιαξα πρόχειρο τιμολόγιο για τον, ενενήντα δύο, πενήντα εννέα, τριάντα επτά, μηδέν επτά οκτώ.
el_0200.wav|άνοιξε το ααδέ.
el_0201.wav|άνοιξε το μαρκ.
el_0202.wav|το τιμολόγιο είναι τρεις χιλιάδες διακόσια τριάντα οκτώ ευρώ και τριάντα ένα λεπτά με φιπιά.
el_0203.wav|το παραστατικό εκδόθηκε με μαρκ, σαράντα τέσσερα, δεκατρία, δεκατρία, εβδομήντα, δεκαπέντε, δώδεκα, εκατόν εξήντα ένα.
el_0204.wav|είκοσι δύο χιλιάδες οκτακόσια εξήντα επτά ευρώ
el_0205.wav|αφιμί, ογδόντα, τριάντα δύο, πενήντα πέντε, εννιακόσια σαράντα οκτώ
el_0206.wav|σύνολο εξήντα οκτώ χιλιάδες τετρακόσια ογδόντα εννέα ευρώ και πενήντα λεπτά.
el_0207.wav|καθαρή αξία οκτακόσια εξήντα οκτώ ευρώ και ενενήντα λεπτά.
el_0208.wav|καθαρή αξία διακόσια εβδομήντα έξι ευρώ.
el_0209.wav|το τιμολόγιο είναι τριάντα χιλιάδες εξακόσια ενενήντα ευρώ με φιπιά.
el_0210.wav|σύνολο τέσσερις χιλιάδες διακόσια τριάντα ευρώ.
el_0211.wav|εκδόθηκε στις οκτώ νοεμβρίου δύο χιλιάδες είκοσι έξι.
el_0212.wav|εκδόθηκε στις είκοσι οκτώ δεκεμβρίου δύο χιλιάδες είκοσι έξι.
el_0213.wav|με φιπιά είκοσι τοις εκατό και παρακράτηση είκοσι τοις εκατό.
el_0214.wav|το αφιμί, εβδομήντα τρία, δεκατρία, πενήντα εννέα, εξακόσια δεκαοκτώ, ανήκει σε ανενεργή επιχείρηση.
el_0215.wav|άνοιξε το ιξ εμ ελ.
el_0216.wav|το τιμολόγιο είναι επτακόσια δεκαοκτώ ευρώ με φιπιά.
el_0217.wav|παρακράτηση τέσσερα τοις εκατό
el_0218.wav|το αφιμί, εβδομήντα τέσσερα, σαράντα εννέα, σαράντα επτά, οκτακόσια ένα, δεν είναι έγκυρο.
el_0219.wav|βρήκα τον πελάτη με αφιμί, πενήντα, μηδέν οκτώ, πενήντα εννέα, διακόσια ογδόντα δύο.
el_0220.wav|επικοινωνία στο, εξήντα εννέα, μηδέν επτά, είκοσι, εξήντα πέντε, πενήντα έξι.
el_0221.wav|σειρά απόδειξη παροχής υπηρεσιών, αριθμός επτακόσια
el_0222.wav|ημερομηνία, είκοσι δύο ιουλίου δύο χιλιάδες είκοσι επτά
el_0223.wav|εκδόθηκε στις δώδεκα ιουλίου δύο χιλιάδες είκοσι πέντε.
el_0224.wav|εκδόθηκε στις πέντε ιουλίου δύο χιλιάδες είκοσι πέντε.
el_0225.wav|αναζήτηση στην ααδέ για αφιμί, είκοσι πέντε, μηδέν έξι, εξήντα πέντε, επτακόσια πενήντα έξι.
el_0226.wav|προγραμματίστηκε για τις δύο και μισή.
el_0227.wav|φιπιά μηδέν τοις εκατό
el_0228.wav|επικοινωνία στο, είκοσι ένα, εξήντα δύο, πενήντα εννέα, ενενήντα έξι, είκοσι.
el_0229.wav|λήγει δεκαέξι ιουλίου δύο χιλιάδες είκοσι έξι.
el_0230.wav|έκπτωση μηδέν τοις εκατό στο σύνολο.
el_0231.wav|το παραστατικό εκδόθηκε με επιτυχία
el_0232.wav|αφιμί, ενενήντα δύο, εξήντα οκτώ, πενήντα έξι, επτακόσια δεκαπέντε
el_0233.wav|σειρά τιμολόγιο παροχής υπηρεσιών, αριθμός οκτώ χιλιάδες ενενήντα τρία
el_0234.wav|άνοιξε το πι ντι εφ.
el_0235.wav|έφτιαξα πρόχειρο τιμολόγιο για τον, εξήντα ένα, εβδομήντα τέσσερα, δεκαπέντε, τριακόσια εβδομήντα οκτώ.
el_0236.wav|ακυρώθηκε το παραστατικό με μαρκ, σαράντα ένα, δεκαεννέα, ενενήντα ένα, είκοσι τρία, είκοσι εννέα, εξήντα οκτώ, οκτακόσια είκοσι τρία.
el_0237.wav|αναζήτηση στην ααδέ για αφιμί, πενήντα έξι, μηδέν ένα, μηδέν οκτώ, εννιακόσια σαράντα.
el_0238.wav|σειρά άλφα, αριθμός εννέα χιλιάδες πεντακόσια δεκαπέντε
el_0239.wav|εκδόθηκε στις δεκατέσσερα μαΐου δύο χιλιάδες είκοσι πέντε.
el_0240.wav|αφιμί, δεκαεννέα, μηδέν ένα, μηδέν δύο, οκτακόσια ογδόντα επτά
el_0241.wav|κατάσταση, πληρωμή
el_0242.wav|αφιμί, εβδομήντα εννέα, ογδόντα πέντε, εξήντα, εξακόσια τριάντα
el_0243.wav|πληρωμή τριάντα εννέα χιλιάδες πεντακόσια δεκαοκτώ ευρώ καταχωρήθηκε.
el_0244.wav|ακυρώθηκε το παραστατικό με μαρκ, σαράντα οκτώ, σαράντα εννέα, εξήντα επτά, εβδομήντα οκτώ, πενήντα τρία, εβδομήντα δύο, μηδέν πέντε οκτώ.
el_0245.wav|αφιμί, τριάντα τέσσερα, μηδέν εννέα, είκοσι, τριακόσια έντεκα
el_0246.wav|βρήκα τον πελάτη με αφιμί, σαράντα έξι, τριάντα δύο, δεκαεννέα, μηδέν πέντε μηδέν.
el_0247.wav|αφιμί, εβδομήντα έξι, τριάντα τέσσερα, τριάντα οκτώ, εκατόν σαράντα τρία
el_0248.wav|δεκατέσσερα, σαράντα τρία, τριάντα πέντε, πεντακόσια δύο
el_0249.wav|τηλέφωνο, είκοσι τέσσερα, εξήντα εννέα, εξήντα έξι, είκοσι έξι, τριάντα έξι
el_0250.wav|ο πελάτης με αφιμί, τριάντα οκτώ, είκοσι πέντε, τριάντα πέντε, πεντακόσια τριάντα ένα, καταχωρήθηκε.
el_0251.wav|ο πελάτης με αφιμί, είκοσι έξι, είκοσι δύο, ενενήντα τρία, διακόσια πενήντα ένα, καταχωρήθηκε.
el_0252.wav|άνοιξε το κιου αρ.
el_0253.wav|παραστατικά από τρία νοεμβρίου δύο χιλιάδες είκοσι τρία έως σήμερα.
el_0254.wav|αφιμί, ενενήντα επτά, εβδομήντα πέντε, τριάντα τέσσερα, εννιακόσια τριάντα έξι
el_0255.wav|πληρωμή εβδομήντα μία χιλιάδες εννιακόσια ενενήντα οκτώ ευρώ καταχωρήθηκε.
el_0256.wav|έχεις διακόσια πενήντα οκτώ αδιάβαστες ειδοποιήσεις.
el_0257.wav|πληρωμή πεντακόσια εννέα ευρώ και πενήντα λεπτά καταχωρήθηκε.
el_0258.wav|κατάσταση, σειρά
el_0259.wav|καταχωρήθηκε στην ααδέ με μαρκ, σαράντα έξι, τριάντα οκτώ, μηδέν πέντε, πενήντα έξι, ενενήντα οκτώ, πενήντα τρία, διακόσια ενενήντα τρία.
el_0260.wav|φιπιά δεκαεπτά τοις εκατό
el_0261.wav|αφιμί, δέκα, εξήντα πέντε, πενήντα πέντε, διακόσια σαράντα επτά
el_0262.wav|το αφιμί, ογδόντα έξι, είκοσι ένα, δεκατέσσερα, εννιακόσια τέσσερα, δεν είναι έγκυρο.
el_0263.wav|ετοίμασα ζιπ με πεντακόσια πενήντα επτά πι ντι εφ παραστατικά.
el_0264.wav|το αφιμί, ενενήντα εννέα, εβδομήντα δύο, μηδέν δύο, εννιακόσια εβδομήντα επτά, δεν υπάρχει στο πελατολόγιο.
el_0265.wav|κατάσταση, σύνολο
el_0266.wav|φιπιά τρία τοις εκατό
el_0267.wav|αναζήτηση στην ααδέ για αφιμί, τριάντα δύο, δεκατρία, ογδόντα ένα, τριακόσια εξήντα.
el_0268.wav|ακυρώθηκε το παραστατικό με μαρκ, σαράντα πέντε, είκοσι επτά, πενήντα εννέα, τριάντα επτά, δεκατρία, σαράντα ένα, εννιακόσια ενενήντα εννέα.
el_0269.wav|λήγει εννέα ιουνίου δύο χιλιάδες είκοσι πέντε.
el_0270.wav|τηλέφωνο, είκοσι έξι, εξήντα εννέα, είκοσι έξι, ογδόντα τρία, τριάντα ένα
el_0271.wav|επικοινωνία στο, είκοσι ένα, τριάντα εννέα, δεκαεννέα, τριάντα τέσσερα, είκοσι πέντε.
el_0272.wav|παραστατικά από είκοσι τέσσερα ιουνίου δύο χιλιάδες είκοσι πέντε έως σήμερα.
el_0273.wav|σειρά απόδειξη παροχής υπηρεσιών, αριθμός δύο χιλιάδες πεντακόσια ενενήντα
el_0274.wav|εκατόν ενενήντα τέσσερα ευρώ
el_0275.wav|ημερομηνία, επτά ιουνίου δύο χιλιάδες είκοσι τέσσερα
el_0276.wav|αφιμί, σαράντα επτά, τριάντα πέντε, τριάντα τρία, εξακόσια ένα
el_0277.wav|ημερομηνία, είκοσι επτά ιουλίου δύο χιλιάδες είκοσι πέντε
el_0278.wav|ο πελάτης με αφιμί, πενήντα εννέα, δώδεκα, εξήντα έξι, διακόσια εβδομήντα επτά, καταχωρήθηκε.
el_0279.wav|άνοιξα τη λίστα με τα παραστατικά.
el_0280.wav|αφιμί, ογδόντα πέντε, τριάντα ένα, τριάντα επτά, τετρακόσια τριάντα
el_0281.wav|προγραμματίστηκε για τις έντεκα ακριβώς.
el_0282.wav|αναζήτηση στην ααδέ για αφιμί, εβδομήντα έξι, σαράντα τρία, είκοσι πέντε, εκατόν τριάντα τρία.
el_0283.wav|ετοίμασα ζιπ με είκοσι έξι πι ντι εφ παραστατικά.
el_0284.wav|επικοινωνία στο, είκοσι τρία, εβδομήντα, είκοσι ένα, πενήντα έξι, μηδέν οκτώ.
el_0285.wav|το αφιμί, ενενήντα έξι, ογδόντα εννέα, ενενήντα επτά, τετρακόσια ένα, δεν είναι έγκυρο.
el_0286.wav|ημερομηνία, δεκαεννέα νοεμβρίου δύο χιλιάδες είκοσι επτά
el_0287.wav|τηλέφωνο, εξήντα εννέα, μηδέν τέσσερα, ογδόντα τρία, τριάντα δύο, είκοσι οκτώ
el_0288.wav|αφιμί, είκοσι επτά, σαράντα ένα, σαράντα τρία, μηδέν επτά επτά
el_0289.wav|επικοινωνία στο, είκοσι έξι, σαράντα δύο, σαράντα τρία, πενήντα, δεκαέξι.
el_0290.wav|διακόσια εξήντα εννέα ευρώ
el_0291.wav|σειρά βήτα, αριθμός εννέα χιλιάδες επτακόσια εννέα
el_0292.wav|βρήκα τον πελάτη με αφιμί, ογδόντα πέντε, σαράντα επτά, ενενήντα επτά, τετρακόσια δεκαπέντε.
el_0293.wav|έχεις τριακόσια τριάντα αδιάβαστες ειδοποιήσεις.
el_0294.wav|έχεις είκοσι τρία αδιάβαστες ειδοποιήσεις.
el_0295.wav|καταχωρήθηκε στην ααδέ με μαρκ, σαράντα ένα, ογδόντα τέσσερα, εξήντα εννέα, μηδέν ένα, σαράντα εννέα, είκοσι, επτακόσια είκοσι εννέα.
el_0296.wav|πενήντα πέντε, μηδέν ένα, δεκαπέντε, εξακόσια ενενήντα πέντε
el_0297.wav|ετοίμασα ζιπ με τετρακόσια εβδομήντα τρία πι ντι εφ παραστατικά.
el_0298.wav|είκοσι πέντε, εξήντα επτά, σαράντα, τριακόσια είκοσι δύο
el_0299.wav|το αφιμί, σαράντα εννέα, δεκαεννέα, δεκαοκτώ, επτακόσια σαράντα εννέα, δεν υπάρχει στο πελατολόγιο.
el_0300.wav|παρακράτηση μηδέν τοις εκατό
el_0301.wav|βρήκα τον πελάτη με αφιμί, ενενήντα οκτώ, τριάντα τρία, πενήντα τέσσερα, διακόσια εξήντα.
el_0302.wav|αφιμί, πενήντα εννέα, σαράντα δύο, σαράντα τρία, μηδέν τέσσερα τρία
el_0303.wav|αφιμί, ενενήντα ένα, εβδομήντα, σαράντα επτά, πεντακόσια εβδομήντα εννέα
el_0304.wav|εκδόθηκε στις πρώτη φεβρουαρίου δύο χιλιάδες είκοσι επτά.
el_0305.wav|ημερομηνία, δέκα αυγούστου δύο χιλιάδες είκοσι τρία
el_0306.wav|το αφιμί, τριάντα επτά, εξήντα ένα, μηδέν πέντε, διακόσια εξήντα δύο, δεν υπάρχει στο πελατολόγιο.
el_0307.wav|κατάσταση, σφάλμα
el_0308.wav|αφιμί, ενενήντα επτά, δεκαεννέα, εξήντα έξι, διακόσια ενενήντα έξι
el_0309.wav|αναζήτηση στην ααδέ για αφιμί, σαράντα εννέα, δεκαπέντε, σαράντα επτά, μηδέν δύο έξι.
el_0310.wav|προγραμματίστηκε για τις δώδεκα και σαράντα πέντε.
el_0311.wav|το τιμολόγιο είναι ενενήντα χιλιάδες τριακόσια επτά ευρώ με φιπιά.
el_0312.wav|οκτακόσια είκοσι τέσσερα ευρώ
el_0313.wav|άνοιξε το μυφ.
el_0314.wav|ολοκληρώθηκε
el_0315.wav|καθαρή αξία εκατόν εξήντα ένα ευρώ και τριάντα πέντε λεπτά.
el_0316.wav|έφτιαξα πρόχειρο τιμολόγιο για τον, σαράντα ένα, ογδόντα τέσσερα, ογδόντα πέντε, οκτακόσια εξήντα έξι.
el_0317.wav|υπόλοιπο πελάτη, εξακόσια εβδομήντα δύο ευρώ και πέντε λεπτά
el_0318.wav|φιπιά έξι τοις εκατό
el_0319.wav|αφιμί, έντεκα, εξήντα δύο, σαράντα οκτώ, εξακόσια είκοσι επτά
el_0320.wav|ετοίμασα ζιπ με τριακόσια τέσσερα πι ντι εφ παραστατικά.
el_0321.wav|πληρωμή είκοσι χιλιάδες οκτακόσια σαράντα δύο ευρώ καταχωρήθηκε.
el_0322.wav|παραστατικά από εννέα φεβρουαρίου δύο χιλιάδες είκοσι τρία έως σήμερα.
el_0323.wav|τριάντα τέσσερα, μηδέν πέντε, εξήντα τρία, οκτακόσια εβδομήντα
el_0324.wav|παρακράτηση είκοσι τοις εκατό
el_0325.wav|επικοινωνία στο, είκοσι οκτώ, ογδόντα δύο, πενήντα έξι, εβδομήντα ένα, ενενήντα οκτώ.
el_0326.wav|κατάσταση, ακύρωση
el_0327.wav|αναζήτηση στην ααδέ για αφιμί, πενήντα, είκοσι τέσσερα, μηδέν τέσσερα, επτακόσια σαράντα εννέα.
el_0328.wav|μαρκ, σαράντα τέσσερα, είκοσι εννέα, δεκαεπτά, δεκαπέντε, πενήντα επτά, εβδομήντα πέντε, οκτακόσια ενενήντα ένα
el_0329.wav|ετοίμασα ζιπ με εννιακόσια πενήντα ένα πι ντι εφ παραστατικά.
el_0330.wav|αφιμί, σαράντα πέντε, πενήντα οκτώ, εβδομήντα, εκατόν ενενήντα πέντε
el_0331.wav|παραστατικά από δεκαεπτά νοεμβρίου δύο χιλιάδες είκοσι έξι έως σήμερα.
el_0332.wav|αφιμί, σαράντα ένα, ογδόντα δύο, είκοσι έξι, εξακόσια εβδομήντα
el_0333.wav|το αφιμί, πενήντα εννέα, ογδόντα οκτώ, είκοσι ένα, μηδέν μηδέν ένα, ανήκει σε ανενεργή επιχείρηση.
el_0334.wav|εκδόθηκε στις είκοσι επτά μαΐου δύο χιλιάδες είκοσι τέσσερα.
el_0335.wav|αφιμί, δεκαέξι, εβδομήντα δύο, δεκαέξι, μηδέν δύο ένα
el_0336.wav|αφιμί, εβδομήντα δύο, εβδομήντα τέσσερα, μηδέν πέντε, διακόσια ογδόντα ένα
el_0337.wav|το αφιμί, πενήντα ένα, μηδέν έξι, μηδέν τέσσερα, επτακόσια πενήντα έξι, δεν είναι έγκυρο.
el_0338.wav|το αφιμί, ενενήντα εννέα, δεκαπέντε, τριάντα εννέα, μηδέν έξι τρία, ανήκει σε ανενεργή επιχείρηση.
el_0339.wav|ημερομηνία, δεκαέξι ιουνίου δύο χιλιάδες είκοσι επτά
el_0340.wav|υπόλοιπο πελάτη, επτακόσια σαράντα εννέα ευρώ και πενήντα λεπτά
el_0341.wav|προγραμματίστηκε για τις επτά ακριβώς.
el_0342.wav|έχεις τριακόσια σαράντα έξι αδιάβαστες ειδοποιήσεις.
el_0343.wav|σειρά άλφα, αριθμός έξι χιλιάδες πεντακόσια τριάντα έξι
el_0344.wav|παρακράτηση τρία τοις εκατό
el_0345.wav|βρήκα τον πελάτη με αφιμί, δεκαεννέα, ενενήντα δύο, πενήντα έξι, τετρακόσια τριάντα εννέα.
el_0346.wav|σειρά βήτα, αριθμός τέσσερις χιλιάδες τετρακόσια σαράντα
el_0347.wav|το αφιμί, τριάντα πέντε, τριάντα τέσσερα, μηδέν δύο, εξακόσια ογδόντα πέντε, δεν υπάρχει στο πελατολόγιο.
el_0348.wav|απόδειξη παροχής υπηρεσιών
el_0349.wav|το αφιμί, εβδομήντα τέσσερα, εβδομήντα τέσσερα, ενενήντα επτά, τετρακόσια ενενήντα ένα, δεν είναι έγκυρο.
el_0350.wav|το αφιμί, έντεκα, πενήντα έξι, ογδόντα, εννιακόσια σαράντα τρία, ανήκει σε ανενεργή επιχείρηση.
el_0351.wav|σύνολο σαράντα δύο χιλιάδες πεντακόσια πέντε ευρώ και πενήντα λεπτά.
el_0352.wav|εκδόθηκε στις είκοσι πέντε μαΐου δύο χιλιάδες είκοσι τέσσερα.
el_0353.wav|υπόλοιπο πελάτη, ογδόντα έξι χιλιάδες τετρακόσια πενήντα έξι ευρώ
el_0354.wav|τηλέφωνο, είκοσι έξι, εξήντα ένα, ογδόντα επτά, τριάντα, πενήντα ένα
el_0355.wav|κατάσταση, παραστατικό
el_0356.wav|έχεις εννιακόσια πενήντα πέντε αδιάβαστες ειδοποιήσεις.
el_0357.wav|το αφιμί, σαράντα επτά, είκοσι τέσσερα, πενήντα δύο, εκατόν ένα, δεν είναι έγκυρο.
el_0358.wav|τριακόσια εξήντα ένα ευρώ και πενήντα λεπτά
el_0359.wav|αναζήτηση στην ααδέ για αφιμί, εβδομήντα έξι, ογδόντα δύο, εβδομήντα δύο, πεντακόσια πενήντα τέσσερα.
el_0360.wav|παραστατικά από δεκαπέντε αυγούστου δύο χιλιάδες είκοσι επτά έως σήμερα.
el_0361.wav|καταχωρήθηκε στην ααδέ με μαρκ, σαράντα τρία, μηδέν τρία, ενενήντα δύο, ογδόντα τέσσερα, μηδέν εννέα, πενήντα ένα, μηδέν δύο εννέα.
el_0362.wav|φιπιά οκτώ τοις εκατό
el_0363.wav|άνοιξε το γεμή.
el_0364.wav|τηλέφωνο, είκοσι τρία, δεκατρία, σαράντα οκτώ, πενήντα τέσσερα, ενενήντα ένα
el_0365.wav|δέκα, τριάντα πέντε, είκοσι, εκατόν ενενήντα έξι
el_0366.wav|πιστωτικό παραστατικό
el_0367.wav|καταχωρήθηκε στην ααδέ με μαρκ, σαράντα οκτώ, εξήντα τέσσερα, ογδόντα δύο, ενενήντα ένα, είκοσι, μηδέν οκτώ, μηδέν δύο οκτώ.
el_0368.wav|ακυρώθηκε το παραστατικό με μαρκ, σαράντα έξι, δεκαπέντε, σαράντα τέσσερα, τριάντα οκτώ, εξήντα πέντε, δεκαπέντε, εξακόσια τριάντα τρία.
el_0369.wav|τριάντα ένα, δώδεκα, ενενήντα δύο, επτακόσια τριάντα επτά
el_0370.wav|το τιμολόγιο είναι ογδόντα οκτώ χιλιάδες εκατόν σαράντα οκτώ ευρώ και πενήντα λεπτά με φιπιά.
el_0371.wav|αφιμί, ενενήντα εννέα, ενενήντα ένα, τριάντα έξι, οκτακόσια σαράντα δύο
el_0372.wav|επικοινωνία στο, είκοσι τρία, δώδεκα, εβδομήντα πέντε, μηδέν πέντε, μηδέν οκτώ.
el_0373.wav|σύνολο πεντακόσια τριάντα ευρώ.
el_0374.wav|καταχωρήθηκε στην ααδέ με μαρκ, σαράντα δύο, πενήντα ένα, ενενήντα, δεκαέξι, δεκαπέντε, εβδομήντα οκτώ, οκτακόσια εξήντα οκτώ.
el_0375.wav|πληρωμή ογδόντα εννέα χιλιάδες εννιακόσια πενήντα τέσσερα ευρώ καταχωρήθηκε.
el_0376.wav|αφιμί, είκοσι ένα, σαράντα τρία, εξήντα εννέα, πεντακόσια σαράντα εννέα
el_0377.wav|κατάσταση, καθαρή αξία
el_0378.wav|σειρά άλφα, αριθμός επτά χιλιάδες ογδόντα
el_0379.wav|άνοιξε το ταυτοποίηση δύο παραγόντων.
el_0380.wav|πληρωμή τριάντα τέσσερις χιλιάδες επτακόσια τριάντα τέσσερα ευρώ καταχωρήθηκε.
el_0381.wav|το αφιμί, τριάντα έξι, τριάντα δύο, τριάντα τρία, εννιακόσια δεκαεννέα, ανήκει σε ανενεργή επιχείρηση.
el_0382.wav|προγραμματίστηκε για τις έξι και τέσσερα.
el_0383.wav|αναζήτηση στην ααδέ για αφιμί, τριάντα, είκοσι οκτώ, δεκαοκτώ, εκατόν είκοσι εννέα.
el_0384.wav|υπόλοιπο πελάτη, πενήντα οκτώ χιλιάδες τετρακόσια εβδομήντα πέντε ευρώ και πενήντα λεπτά
el_0385.wav|έχεις εκατόν τριάντα τέσσερα αδιάβαστες ειδοποιήσεις.
el_0386.wav|ο πελάτης με αφιμί, ενενήντα οκτώ, πενήντα ένα, δεκαοκτώ, εννιακόσια εβδομήντα έξι, καταχωρήθηκε.
el_0387.wav|κατάσταση, αποστολή
el_0388.wav|έφτιαξα πρόχειρο τιμολόγιο για τον, τριάντα τέσσερα, ενενήντα οκτώ, σαράντα τέσσερα, διακόσια εξήντα ένα.
el_0389.wav|κατάσταση, είδος
el_0390.wav|λήγει είκοσι οκτώ νοεμβρίου δύο χιλιάδες είκοσι πέντε.
el_0391.wav|σύνολο εξακόσια σαράντα ευρώ.
el_0392.wav|ενενήντα δύο, πενήντα τέσσερα, δεκατρία, τετρακόσια εξήντα τέσσερα
el_0393.wav|σειρά τιμολόγιο παροχής υπηρεσιών, αριθμός τέσσερις χιλιάδες διακόσια τριάντα
el_0394.wav|κατάσταση, πελάτης
el_0395.wav|υπόλοιπο πελάτη, τριάντα οκτώ χιλιάδες εξακόσια δεκαεπτά ευρώ
el_0396.wav|προγραμματίστηκε για τις δέκα και είκοσι οκτώ.
el_0397.wav|πληρωμή οκτώ χιλιάδες εννιακόσια σαράντα τρία ευρώ καταχωρήθηκε.
el_0398.wav|πληρωμή πεντακόσια εξήντα τρία ευρώ και δεκαεννέα λεπτά καταχωρήθηκε.
el_0399.wav|πληρωμή δώδεκα χιλιάδες τετρακόσια πενήντα πέντε ευρώ και ογδόντα λεπτά καταχωρήθηκε.
el_0400.wav|άνοιξε το τιμολόγιο παροχής υπηρεσιών.
el_0401.wav|παρακράτηση έξι τοις εκατό
el_0402.wav|είκοσι εννέα, δεκαεννέα, ογδόντα πέντε, εννιακόσια ογδόντα οκτώ
el_0403.wav|ενενήντα εννέα, εβδομήντα εννέα, μηδέν πέντε, τριακόσια ενενήντα έξι
el_0404.wav|αφιμί, ενενήντα επτά, δεκαεπτά, δώδεκα, επτακόσια τριάντα εννέα
el_0405.wav|αφιμί, σαράντα έξι, εξήντα δύο, σαράντα, εξακόσια είκοσι ένα
el_0406.wav|το τιμολόγιο είναι τριακόσια οκτώ ευρώ με φιπιά.
el_0407.wav|λήγει είκοσι ένα μαΐου δύο χιλιάδες είκοσι τέσσερα.
el_0408.wav|παραστατικά από δεκαοκτώ σεπτεμβρίου δύο χιλιάδες είκοσι πέντε έως σήμερα.
el_0409.wav|ημερομηνία, είκοσι αυγούστου δύο χιλιάδες είκοσι τέσσερα
el_0410.wav|το παραστατικό εκδόθηκε με μαρκ, σαράντα δύο, ενενήντα οκτώ, τριάντα τρία, εβδομήντα τέσσερα, ογδόντα οκτώ, τριάντα, επτακόσια είκοσι.
el_0411.wav|το αφιμί, ογδόντα οκτώ, μηδέν εννέα, εβδομήντα πέντε, εξακόσια πέντε, ανήκει σε ανενεργή επιχείρηση.
el_0412.wav|εκδόθηκε στις έξι ιουλίου δύο χιλιάδες είκοσι επτά.
el_0413.wav|με φιπιά μηδέν τοις εκατό και παρακράτηση είκοσι τοις εκατό.
el_0414.wav|προγραμματίστηκε για τις μία ακριβώς.
el_0415.wav|ο πελάτης με αφιμί, δεκαπέντε, σαράντα τρία, ενενήντα εννέα, διακόσια εξήντα εννέα, καταχωρήθηκε.
el_0416.wav|εκδόθηκε στις πρώτη μαρτίου δύο χιλιάδες είκοσι επτά.
el_0417.wav|τιμολόγιο πώλησης
el_0418.wav|πληρωμή εξήντα έξι χιλιάδες διακόσια πενήντα οκτώ ευρώ καταχωρήθηκε.
el_0419.wav|προγραμματίστηκε για τις τέσσερις και μισή.
el_0420.wav|σειρά βήτα, αριθμός πέντε χιλιάδες διακόσια είκοσι δύο
el_0421.wav|οκτακόσια εβδομήντα επτά ευρώ και πενήντα λεπτά
el_0422.wav|σύνολο είκοσι μία χιλιάδες δέκα ευρώ και ενενήντα επτά λεπτά.
el_0423.wav|αφιμί, ογδόντα πέντε, εξήντα τρία, μηδέν εννέα, μηδέν ένα μηδέν
el_0424.wav|μαρκ, σαράντα επτά, είκοσι ένα, μηδέν τέσσερα, πενήντα οκτώ, μηδέν οκτώ, τριάντα δύο, οκτακόσια έξι
el_0425.wav|δώδεκα, πενήντα επτά, είκοσι τέσσερα, επτακόσια δεκαέξι
el_0426.wav|αφιμί, εξήντα δύο, πενήντα τέσσερα, μηδέν ένα, εξακόσια δεκαέξι
el_0427.wav|άνοιξε το ίμπαν.
el_0428.wav|προγραμματίστηκε για τις εννέα και μισή.
el_0429.wav|αναζήτηση στην ααδέ για αφιμί, είκοσι τέσσερα, εβδομήντα επτά, μηδέν μηδέν, πεντακόσια τριάντα ένα.
el_0430.wav|ακυρώθηκε το παραστατικό με μαρκ, σαράντα, πενήντα οκτώ, σαράντα ένα, ογδόντα τέσσερα, σαράντα τρία, τριάντα ένα, τριακόσια ογδόντα τέσσερα.
el_0431.wav|προγραμματίστηκε για τις μία και σαράντα.
el_0432.wav|το τιμολόγιο είναι τριακόσια είκοσι έξι ευρώ και πενήντα λεπτά με φιπιά.
el_0433.wav|προγραμματίστηκε για τις δώδεκα ακριβώς.
el_0434.wav|έκπτωση έξι τοις εκατό στο σύνολο.
el_0435.wav|αφιμί, εβδομήντα οκτώ, ενενήντα πέντε, μηδέν τέσσερα, τετρακόσια τριάντα ένα
el_0436.wav|παραστατικά από είκοσι ιουνίου δύο χιλιάδες είκοσι τέσσερα έως σήμερα.
el_0437.wav|αφιμί, δεκαεννέα, πενήντα τρία, εβδομήντα πέντε, τριακόσια τριάντα έξι
el_0438.wav|μαρκ, σαράντα επτά, τριάντα τρία, μηδέν δύο, εβδομήντα οκτώ, πενήντα τέσσερα, ενενήντα πέντε, διακόσια εβδομήντα τρία
el_0439.wav|πες «άκυρο» για να σταματήσω.
el_0440.wav|το τιμολόγιο είναι οκτακόσια εβδομήντα έξι ευρώ με φιπιά.
el_0441.wav|η ααδέ απάντησε, σφάλμα στο παραστατικό με μαρκ, σαράντα οκτώ, δέκα, εξήντα έξι, ενενήντα, είκοσι, σαράντα επτά, εκατόν ενενήντα οκτώ.
el_0442.wav|προγραμματίστηκε για τις δέκα και δεκαπέντε.
el_0443.wav|έκπτωση δεκατρία τοις εκατό στο σύνολο.
el_0444.wav|καταχωρήθηκε στην ααδέ με μαρκ, σαράντα εννέα, δώδεκα, μηδέν ένα, ογδόντα οκτώ, ογδόντα εννέα, ογδόντα εννέα, πεντακόσια δεκαπέντε.
el_0445.wav|υπόλοιπο πελάτη, διακόσια ογδόντα εννέα ευρώ
el_0446.wav|αφιμί, εξήντα εννέα, ογδόντα επτά, μηδέν έξι, οκτακόσια πενήντα έξι
el_0447.wav|σειρά βήτα, αριθμός δύο χιλιάδες επτακόσια είκοσι εννέα
el_0448.wav|αφιμί, πενήντα πέντε, σαράντα τρία, εξήντα πέντε, εξακόσια ενενήντα δύο
el_0449.wav|ο πελάτης με αφιμί, τριάντα εννέα, πενήντα επτά, εξήντα έξι, εξακόσια οκτώ, καταχωρήθηκε.
el_0450.wav|έφτιαξα πρόχειρο τιμολόγιο για τον, εξήντα έξι, δεκαεπτά, εβδομήντα οκτώ, διακόσια ογδόντα επτά.
el_0451.wav|βρήκα τον πελάτη με αφιμί, τριάντα τρία, πενήντα οκτώ, εξήντα ένα, οκτακόσια ογδόντα τρία.
el_0452.wav|έφτιαξα πρόχειρο τιμολόγιο για τον, εβδομήντα επτά, εξήντα τέσσερα, δεκαεπτά, οκτακόσια εξήντα ένα.
el_0453.wav|καθαρή αξία είκοσι έξι χιλιάδες διακόσια πενήντα τρία ευρώ και πενήντα λεπτά.
el_0454.wav|έχεις τετρακόσια ογδόντα εννέα αδιάβαστες ειδοποιήσεις.
el_0455.wav|αφιμί, ογδόντα ένα, ενενήντα εννέα, ογδόντα οκτώ, οκτακόσια ενενήντα δύο
el_0456.wav|μαρκ, σαράντα δύο, ογδόντα τρία, ενενήντα επτά, εξήντα επτά, τριάντα οκτώ, μηδέν μηδέν, μηδέν ένα οκτώ
el_0457.wav|αφιμί, τριάντα εννέα, σαράντα οκτώ, σαράντα πέντε, εννιακόσια εβδομήντα έξι
el_0458.wav|πληρωμή εξήντα οκτώ χιλιάδες τετρακόσια πενήντα οκτώ ευρώ και είκοσι ένα λεπτά καταχωρήθηκε.
el_0459.wav|σύνολο τετρακόσια εξήντα πέντε ευρώ.
el_0460.wav|εκδόθηκε στις δώδεκα φεβρουαρίου δύο χιλιάδες είκοσι επτά.
el_0461.wav|κατάσταση, παρακράτηση
el_0462.wav|με φιπιά δεκατρία τοις εκατό και παρακράτηση είκοσι τοις εκατό.
el_0463.wav|το τιμολόγιο είναι εβδομήντα οκτώ χιλιάδες εξακόσια ενενήντα εννέα ευρώ με φιπιά.
el_0464.wav|το αφιμί, εβδομήντα τρία, είκοσι τέσσερα, ογδόντα επτά, επτακόσια ένα, δεν είναι έγκυρο.
el_0465.wav|αναζήτηση στην ααδέ για αφιμί, σαράντα, τριάντα, εβδομήντα τέσσερα, διακόσια σαράντα τρία.
el_0466.wav|υπόλοιπο πελάτη, τριάντα έξι χιλιάδες εκατόν ογδόντα τρία ευρώ και ενενήντα οκτώ λεπτά
el_0467.wav|το τιμολόγιο είναι δεκατρείς χιλιάδες πεντακόσια δώδεκα ευρώ με φιπιά.
el_0468.wav|καθαρή αξία ενενήντα εννέα χιλιάδες τριακόσια επτά ευρώ και έντεκα λεπτά.
el_0469.wav|έχεις ενενήντα ένα αδιάβαστες ειδοποιήσεις.
el_0470.wav|υπόλοιπο πελάτη, τριακόσια ευρώ και τριάντα πέντε λεπτά
el_0471.wav|ετοίμασα ζιπ με πεντακόσια δύο πι ντι εφ παραστατικά.
el_0472.wav|σύνολο εξακόσια είκοσι τέσσερα ευρώ και πενήντα λεπτά.
el_0473.wav|ο πελάτης με αφιμί, δέκα, μηδέν τρία, δεκατέσσερα, εκατόν εβδομήντα δύο, καταχωρήθηκε.
el_0474.wav|επικοινωνία στο, είκοσι οκτώ, ενενήντα, εξήντα τρία, τριάντα εννέα, ενενήντα οκτώ.
el_0475.wav|αναζήτηση στην ααδέ για αφιμί, ενενήντα έξι, μηδέν επτά, είκοσι έξι, τριακόσια δεκατρία.
el_0476.wav|σειρά απόδειξη παροχής υπηρεσιών, αριθμός τέσσερις χιλιάδες τετρακόσια πενήντα εννέα
el_0477.wav|καταχωρήθηκε στην ααδέ με μαρκ, σαράντα οκτώ, δεκαπέντε, ογδόντα επτά, εξήντα επτά, μηδέν εννέα, σαράντα οκτώ, οκτακόσια ογδόντα ένα.
el_0478.wav|το αφιμί, τριάντα ένα, εβδομήντα δύο, εβδομήντα τρία, διακόσια έντεκα, δεν υπάρχει στο πελατολόγιο.
el_0479.wav|σαράντα τρία, μηδέν εννέα, τριάντα τρία, πεντακόσια ενενήντα οκτώ
el_0480.wav|ετοίμασα ζιπ με εννιακόσια δεκατρία πι ντι εφ παραστατικά.
el_0481.wav|πληρωμή σαράντα έξι χιλιάδες οκτακόσια δύο ευρώ και πενήντα λεπτά καταχωρήθηκε.
el_0482.wav|έχεις εννιακόσια δέκα αδιάβαστες ειδοποιήσεις.
el_0483.wav|δεκατέσσερα, δεκαεπτά, πενήντα επτά, επτακόσια τέσσερα
el_0484.wav|το τιμολόγιο είναι πενήντα τέσσερις χιλιάδες επτακόσια σαράντα οκτώ ευρώ με φιπιά.
el_0485.wav|τριακόσια δεκαπέντε ευρώ και πενήντα λεπτά
el_0486.wav|έχεις εκατόν ενενήντα οκτώ αδιάβαστες ειδοποιήσεις.
el_0487.wav|καταχωρήθηκε στην ααδέ με μαρκ, σαράντα επτά, ογδόντα επτά, ογδόντα, πενήντα τρία, τριάντα ένα, τριάντα επτά, οκτακόσια τριάντα επτά.
el_0488.wav|αφιμί, είκοσι πέντε, εβδομήντα, εβδομήντα πέντε, πεντακόσια σαράντα έξι
el_0489.wav|επικοινωνία στο, εξήντα εννέα, σαράντα τέσσερα, εβδομήντα, εβδομήντα πέντε, μηδέν τέσσερα.
el_0490.wav|προγραμματίστηκε για τις δύο και σαράντα πέντε.
el_0491.wav|το αφιμί, σαράντα τέσσερα, μηδέν επτά, μηδέν ένα, τριακόσια τριάντα οκτώ, δεν υπάρχει στο πελατολόγιο.
el_0492.wav|προγραμματίστηκε για τις οκτώ και δεκαπέντε.
el_0493.wav|εκδόθηκε στις είκοσι ένα ιανουαρίου δύο χιλιάδες είκοσι τρία.
el_0494.wav|δεν μπορώ να εκδώσω οριστικά — μόνο πρόχειρο.
el_0495.wav|αφιμί, σαράντα ένα, σαράντα έξι, μηδέν τρία, τετρακόσια τριάντα οκτώ
el_0496.wav|παραστατικά από είκοσι τέσσερα αυγούστου δύο χιλιάδες είκοσι πέντε έως σήμερα.
el_0497.wav|πληρωμή πεντακόσια δεκαεννέα ευρώ καταχωρήθηκε.
el_0498.wav|το τιμολόγιο είναι τριάντα εννέα χιλιάδες επτακόσια είκοσι δύο ευρώ με φιπιά.
el_0499.wav|πληρωμή πέντε χιλιάδες εξακόσια σαράντα οκτώ ευρώ καταχωρήθηκε.
el_0500.wav|προγραμματίστηκε για τις δύο ακριβώς.
el_0501.wav|σειρά απόδειξη παροχής υπηρεσιών, αριθμός χίλια οκτακόσια ενενήντα πέντε
el_0502.wav|παρακράτηση δεκαεπτά τοις εκατό
el_0503.wav|προγραμματίστηκε για τις μία και δεκαπέντε.
el_0504.wav|λήγει πρώτη μαρτίου δύο χιλιάδες είκοσι έξι.
el_0505.wav|σειρά βήτα, αριθμός χίλια διακόσια εβδομήντα δύο
el_0506.wav|το παραστατικό εκδόθηκε με μαρκ, σαράντα τέσσερα, είκοσι οκτώ, εξήντα, ογδόντα τρία, τριάντα τέσσερα, μηδέν τέσσερα, τετρακόσια δώδεκα.
el_0507.wav|ημερομηνία, δεκατέσσερα σεπτεμβρίου δύο χιλιάδες είκοσι επτά
el_0508.wav|με φιπιά πέντε κόμμα πέντε τοις εκατό και παρακράτηση είκοσι τοις εκατό.
el_0509.wav|ημερομηνία, είκοσι πέντε φεβρουαρίου δύο χιλιάδες είκοσι έξι
el_0510.wav|σειρά τιμολόγιο παροχής υπηρεσιών, αριθμός χίλια οκτακόσια εξήντα επτά
el_0511.wav|ετοίμασα ζιπ με διακόσια είκοσι επτά πι ντι εφ παραστατικά.
el_0512.wav|δεν βρήκα πελάτη με αυτό το όνομα.
el_0513.wav|σύνολο δεκαέξι χιλιάδες πεντακόσια είκοσι δύο ευρώ.
el_0514.wav|αφιμί, σαράντα έξι, ενενήντα τέσσερα, ογδόντα δύο, εξακόσια δώδεκα
el_0515.wav|με φιπιά δεκαεπτά τοις εκατό και παρακράτηση είκοσι τοις εκατό.
el_0516.wav|κατάσταση, πρόχειρο
el_0517.wav|αναζήτηση στην ααδέ για αφιμί, τριάντα τέσσερα, είκοσι, εβδομήντα επτά, εξακόσια έξι.
el_0518.wav|αναζήτηση στην ααδέ για αφιμί, είκοσι δύο, δεκατρία, είκοσι εννέα, μηδέν ένα εννέα.
el_0519.wav|άνοιξε το απόδειξη παροχής υπηρεσιών.
el_0520.wav|μαρκ, σαράντα, πενήντα έξι, δέκα, πενήντα εννέα, τριάντα οκτώ, δέκα, εξακόσια εβδομήντα εννέα
el_0521.wav|έκπτωση τρία τοις εκατό στο σύνολο.
el_0522.wav|τηλέφωνο, εξήντα εννέα, ογδόντα, εξήντα, εξήντα τέσσερα, πενήντα οκτώ
el_0523.wav|παραστατικά από είκοσι πέντε αυγούστου δύο χιλιάδες είκοσι τρία έως σήμερα.
el_0524.wav|το αφιμί, ογδόντα πέντε, εξήντα εννέα, ενενήντα τέσσερα, εκατόν τριάντα εννέα, ανήκει σε ανενεργή επιχείρηση.
el_0525.wav|επικοινωνία στο, είκοσι ένα, εξήντα επτά, εβδομήντα επτά, ογδόντα ένα, ενενήντα εννέα.
el_0526.wav|βρήκα τον πελάτη με αφιμί, εξήντα έξι, μηδέν οκτώ, σαράντα επτά, μηδέν τρία επτά.
el_0527.wav|τηλέφωνο, είκοσι πέντε, ενενήντα ένα, ογδόντα, τριάντα οκτώ, ογδόντα τέσσερα
el_0528.wav|ακυρώθηκε το παραστατικό με μαρκ, σαράντα ένα, σαράντα οκτώ, είκοσι τέσσερα, τριάντα εννέα, εβδομήντα οκτώ, σαράντα δύο, μηδέν έξι τέσσερα.
el_0529.wav|το αφιμί, εξήντα εννέα, μηδέν τέσσερα, ογδόντα οκτώ, πεντακόσια πενήντα τέσσερα, δεν είναι έγκυρο.
el_0530.wav|το αφιμί, εβδομήντα δύο, ενενήντα δύο, σαράντα εννέα, τριακόσια δεκαεπτά, ανήκει σε ανενεργή επιχείρηση.
el_0531.wav|υπόλοιπο πελάτη, είκοσι πέντε χιλιάδες πέντε ευρώ και πενήντα λεπτά
el_0532.wav|έφτιαξα πρόχειρο τιμολόγιο για τον, είκοσι εννέα, πενήντα πέντε, εβδομήντα έξι, διακόσια δεκαοκτώ.
el_0533.wav|ημερομηνία, πρώτη ιουνίου δύο χιλιάδες είκοσι τέσσερα
el_0534.wav|σύνολο εξήντα οκτώ χιλιάδες εννιακόσια εβδομήντα έξι ευρώ.
el_0535.wav|το αφιμί, δεκαπέντε, είκοσι οκτώ, είκοσι δύο, διακόσια δεκαεπτά, δεν υπάρχει στο πελατολόγιο.
el_0536.wav|εξήντα έξι, ενενήντα οκτώ, ογδόντα πέντε, μηδέν οκτώ ένα
el_0537.wav|βρήκα τον πελάτη με αφιμί, σαράντα τρία, ενενήντα επτά, εβδομήντα τρία, εξακόσια.
el_0538.wav|ακυρώθηκε το παραστατικό με μαρκ, σαράντα τρία, ογδόντα, πενήντα οκτώ, μηδέν τέσσερα, δεκαοκτώ, σαράντα πέντε, εκατόν ογδόντα τρία.
el_0539.wav|βρήκα τον πελάτη με αφιμί, ογδόντα έξι, είκοσι ένα, είκοσι δύο, οκτακόσια τριάντα εννέα.
el_0540.wav|σειρά απόδειξη παροχής υπηρεσιών, αριθμός εννέα χιλιάδες επτακόσια πενήντα δύο
el_0541.wav|σειρά απόδειξη παροχής υπηρεσιών, αριθμός τέσσερις χιλιάδες εκατόν δύο
el_0542.wav|σειρά τιμολόγιο παροχής υπηρεσιών, αριθμός τέσσερις χιλιάδες τριακόσια ογδόντα έξι
el_0543.wav|αφιμί, εξήντα ένα, ενενήντα εννέα, εβδομήντα επτά, οκτακόσια είκοσι τρία
el_0544.wav|σειρά τιμολόγιο παροχής υπηρεσιών, αριθμός εννέα χιλιάδες επτακόσια πενήντα δύο
el_0545.wav|άνοιξε το ζιπ.
el_0546.wav|καταχωρήθηκε στην ααδέ με μαρκ, σαράντα εννέα, μηδέν δύο, μηδέν τέσσερα, εβδομήντα οκτώ, ενενήντα δύο, μηδέν μηδέν, τετρακόσια ενενήντα.
el_0547.wav|ετοίμασα ζιπ με τριακόσια είκοσι πέντε πι ντι εφ παραστατικά.
el_0548.wav|παραστατικά από είκοσι τρία οκτωβρίου δύο χιλιάδες είκοσι έξι έως σήμερα.
el_0549.wav|παρακράτηση οκτώ τοις εκατό
el_0550.wav|πενήντα εννέα, ενενήντα τέσσερα, τριάντα οκτώ, εκατόν εβδομήντα επτά
el_0551.wav|αφιμί, εξήντα επτά, μηδέν εννέα, ενενήντα επτά, πεντακόσια οκτώ
el_0552.wav|αφιμί, ενενήντα ένα, εξήντα εννέα, είκοσι, εννιακόσια είκοσι
el_0553.wav|ετοίμασα ζιπ με τετρακόσια είκοσι δύο πι ντι εφ παραστατικά.
el_0554.wav|καθαρή αξία εβδομήντα έξι χιλιάδες εξακόσια είκοσι επτά ευρώ και πενήντα λεπτά.
el_0555.wav|σειρά βήτα, αριθμός τέσσερις χιλιάδες εκατόν είκοσι πέντε
el_0556.wav|κωδικός μιας χρήσης
el_0557.wav|σειρά άλφα, αριθμός επτά χιλιάδες οκτακόσια πενήντα
el_0558.wav|εκδόθηκε στις πέντε αυγούστου δύο χιλιάδες είκοσι τέσσερα.
el_0559.wav|τηλέφωνο, εξήντα εννέα, εξήντα πέντε, τριάντα έξι, εβδομήντα έξι, μηδέν επτά
el_0560.wav|πενήντα πέντε, σαράντα πέντε, εβδομήντα πέντε, μηδέν έξι τρία
el_0561.wav|το αφιμί, εβδομήντα ένα, δεκατρία, είκοσι ένα, εννιακόσια δεκατρία, δεν υπάρχει στο πελατολόγιο.
el_0562.wav|τηλέφωνο, είκοσι πέντε, εβδομήντα έξι, μηδέν εννέα, ενενήντα πέντε, ενενήντα έξι
el_0563.wav|σύνολο πεντακόσια εξήντα επτά ευρώ και πενήντα λεπτά.
el_0564.wav|αναζήτηση στην ααδέ για αφιμί, δέκα, σαράντα οκτώ, εβδομήντα οκτώ, οκτακόσια σαράντα τρία.
el_0565.wav|ετοίμασα ζιπ με εννιακόσια ογδόντα εννέα πι ντι εφ παραστατικά.
el_0566.wav|μαρκ, σαράντα ένα, μηδέν οκτώ, εξήντα πέντε, εβδομήντα οκτώ, δεκαοκτώ, ενενήντα, εννιακόσια είκοσι δύο
el_0567.wav|ετοίμασα ζιπ με τετρακόσια εξήντα έξι πι ντι εφ παραστατικά.
el_0568.wav|μαρκ, σαράντα εννέα, μηδέν ένα, εβδομήντα δύο, ογδόντα πέντε, μηδέν πέντε, πενήντα τρία, μηδέν τέσσερα μηδέν
el_0569.wav|άνοιξε το εφορία.
el_0570.wav|ογδόντα τρία, είκοσι πέντε, είκοσι έξι, μηδέν επτά εννέα
el_0571.wav|ημερομηνία, είκοσι ένα δεκεμβρίου δύο χιλιάδες είκοσι τέσσερα
el_0572.wav|ετοίμασα ζιπ με οκτακόσια εβδομήντα εννέα πι ντι εφ παραστατικά.
el_0573.wav|υπόλοιπο πελάτη, τριάντα εννέα χιλιάδες εννιακόσια ενενήντα δύο ευρώ και σαράντα τρία λεπτά
el_0574.wav|το τιμολόγιο είναι οκτακόσια είκοσι εννέα ευρώ και ογδόντα τρία λεπτά με φιπιά.
el_0575.wav|επικοινωνία στο, είκοσι ένα, ενενήντα δύο, τριάντα έξι, ενενήντα ένα, εξήντα δύο.
el_0576.wav|σειρά τιμολόγιο παροχής υπηρεσιών, αριθμός εννιακόσια είκοσι πέντε
el_0577.wav|καλημέρα. Τι θα κάνουμε σήμερα;
el_0578.wav|άνοιξε το τιμολόγιο πώλησης.
el_0579.wav|κατάσταση, έκπτωση
el_0580.wav|έφτιαξα πρόχειρο τιμολόγιο για τον, ενενήντα οκτώ, ογδόντα δύο, δώδεκα, εξακόσια τριάντα πέντε.
el_0581.wav|έχεις εκατόν εξήντα οκτώ αδιάβαστες ειδοποιήσεις.
el_0582.wav|πληρωμή τριακόσια εξήντα οκτώ ευρώ καταχωρήθηκε.
el_0583.wav|υπόλοιπο πελάτη, είκοσι μία χιλιάδες πεντακόσια εξήντα εννέα ευρώ
el_0584.wav|επικοινωνία στο, εξήντα εννέα, ογδόντα δύο, ενενήντα ένα, εξήντα πέντε, εβδομήντα τρία.
el_0585.wav|αφιμί, ογδόντα επτά, σαράντα οκτώ, εξήντα ένα, οκτακόσια είκοσι δύο
el_0586.wav|υπόλοιπο πελάτη, τριάντα δύο χιλιάδες διακόσια ενενήντα ένα ευρώ και πενήντα λεπτά
el_0587.wav|ημερομηνία, δεκαεπτά οκτωβρίου δύο χιλιάδες είκοσι τέσσερα
el_0588.wav|το αφιμί, δεκατέσσερα, δεκαέξι, πενήντα δύο, εξακόσια σαράντα τρία, δεν είναι έγκυρο.
el_0589.wav|σαράντα επτά, εβδομήντα πέντε, εξήντα επτά, διακόσια είκοσι εννέα
el_0590.wav|αφιμί, ενενήντα τέσσερα, εξήντα επτά, τριάντα ένα, εκατόν πενήντα επτά
el_0591.wav|έφτιαξα πρόχειρο τιμολόγιο για τον, πενήντα δύο, σαράντα ένα, εξήντα ένα, τετρακόσια τριάντα τρία.
el_0592.wav|αφιμί, σαράντα οκτώ, δεκατρία, τριάντα, οκτακόσια σαράντα οκτώ
el_0593.wav|τηλέφωνο, είκοσι πέντε, εξήντα εννέα, μηδέν τέσσερα, ογδόντα επτά, σαράντα οκτώ
el_0594.wav|ημερομηνία, έξι δεκεμβρίου δύο χιλιάδες είκοσι τρία
el_0595.wav|κατάσταση, εκκρεμεί
el_0596.wav|το αφιμί, δεκατέσσερα, τριάντα, ογδόντα εννέα, πεντακόσια ένα, δεν υπάρχει στο πελατολόγιο.
el_0597.wav|παραστατικά από δύο ιανουαρίου δύο χιλιάδες είκοσι πέντε έως σήμερα.
el_0598.wav|αφιμί, έντεκα, σαράντα έξι, τριάντα έξι, εκατόν πέντε
el_0599.wav|ακυρώθηκε το παραστατικό με μαρκ, σαράντα τρία, μηδέν τέσσερα, τριάντα τέσσερα, ενενήντα τρία, πενήντα οκτώ, εβδομήντα ένα, πεντακόσια.
el_0600.wav|επτακόσια ενενήντα εννέα ευρώ και πενήντα λεπτά
el_0601.wav|το παραστατικό εκδόθηκε με μαρκ, σαράντα οκτώ, πενήντα εννέα, δεκαεπτά, μηδέν έξι, έντεκα, τριάντα, επτακόσια σαράντα.
el_0602.wav|το παραστατικό εκδόθηκε με μαρκ, σαράντα δύο, εξήντα δύο, ογδόντα εννέα, μηδέν εννέα, πενήντα πέντε, ογδόντα ένα, εκατόν τριάντα τρία.
el_0603.wav|καθαρή αξία διακόσια σαράντα οκτώ ευρώ.
el_0604.wav|έκπτωση είκοσι τοις εκατό στο σύνολο.
el_0605.wav|τηλέφωνο, είκοσι ένα, είκοσι δύο, σαράντα, είκοσι τρία, ογδόντα ένα
el_0606.wav|το αφιμί, εβδομήντα εννέα, ογδόντα τρία, πενήντα οκτώ, οκτακόσια δύο, δεν είναι έγκυρο.
el_0607.wav|το παραστατικό εκδόθηκε με μαρκ, σαράντα τέσσερα, μηδέν οκτώ, τριάντα τέσσερα, είκοσι πέντε, σαράντα τέσσερα, είκοσι οκτώ, τετρακόσια τρία.
el_0608.wav|προγραμματίστηκε για τις πέντε ακριβώς.
el_0609.wav|αφιμί, πενήντα εννέα, ογδόντα επτά, τριάντα πέντε, διακόσια εβδομήντα τρία
el_0610.wav|αφιμί, δώδεκα, σαράντα, πενήντα εννέα, τριακόσια πενήντα πέντε
el_0611.wav|το αφιμί, ογδόντα τέσσερα, ογδόντα τρία, ογδόντα δύο, τριακόσια δεκαέξι, δεν είναι έγκυρο.
el_0612.wav|εκδόθηκε στις δώδεκα οκτωβρίου δύο χιλιάδες είκοσι έξι.
el_0613.wav|σειρά απόδειξη παροχής υπηρεσιών, αριθμός πεντακόσια έξι
el_0614.wav|σειρά άλφα, αριθμός πέντε χιλιάδες πεντακόσια σαράντα
el_0615.wav|σειρά βήτα, αριθμός έξι χιλιάδες είκοσι πέντε
el_0616.wav|άνοιξε το αμκά.
el_0617.wav|υπόλοιπο πελάτη, εννιακόσια τριάντα εννέα ευρώ και πενήντα λεπτά
el_0618.wav|το αφιμί, εξήντα οκτώ, εξήντα έξι, ογδόντα επτά, εννιακόσια είκοσι δύο, ανήκει σε ανενεργή επιχείρηση.
el_0619.wav|αφιμί, εξήντα ένα, μηδέν μηδέν, ογδόντα, πεντακόσια δεκαέξι
el_0620.wav|το αφιμί, εξήντα έξι, σαράντα, δεκαεπτά, επτακόσια εξήντα πέντε, ανήκει σε ανενεργή επιχείρηση.
el_0621.wav|καθαρή αξία τριάντα επτά χιλιάδες οκτακόσια ενενήντα επτά ευρώ.
el_0622.wav|ετοίμασα ζιπ με εκατόν εξήντα τρία πι ντι εφ παραστατικά.
el_0623.wav|δεκαεπτά, πενήντα, ενενήντα δύο, εκατόν σαράντα δύο
el_0624.wav|η ααδέ απάντησε, σφάλμα στο παραστατικό με μαρκ, σαράντα έξι, εβδομήντα δύο, σαράντα δύο, τριάντα, εξήντα οκτώ, τριάντα επτά, εκατόν έντεκα.
el_0625.wav|το αφιμί, εξήντα οκτώ, πενήντα έξι, σαράντα τρία, επτακόσια δέκα, δεν υπάρχει στο πελατολόγιο.
el_0626.wav|καθαρή αξία ογδόντα δύο χιλιάδες επτακόσια ενενήντα τέσσερα ευρώ και τριάντα εννέα λεπτά.
el_0627.wav|αφιμί, σαράντα τέσσερα, ενενήντα τέσσερα, πενήντα δύο, πεντακόσια πενήντα επτά
el_0628.wav|το τιμολόγιο είναι τρεις χιλιάδες εννιακόσια τριάντα πέντε ευρώ με φιπιά.
el_0629.wav|έχεις διακόσια είκοσι εννέα αδιάβαστες ειδοποιήσεις.
el_0630.wav|φιπιά τέσσερα τοις εκατό
el_0631.wav|ακυρώθηκε το παραστατικό με μαρκ, σαράντα, μηδέν τρία, ενενήντα ένα, δεκαεννέα, δεκαοκτώ, ενενήντα δύο, πεντακόσια οκτώ.
el_0632.wav|παραστατικά από δεκαοκτώ ιουλίου δύο χιλιάδες είκοσι τέσσερα έως σήμερα.
el_0633.wav|με φιπιά είκοσι τέσσερα τοις εκατό και παρακράτηση είκοσι τοις εκατό.
el_0634.wav|ημερομηνία, δεκατρία απριλίου δύο χιλιάδες είκοσι πέντε
el_0635.wav|έφτιαξα πρόχειρο τιμολόγιο για τον, εξήντα πέντε, είκοσι τέσσερα, ενενήντα πέντε, εκατόν δεκαοκτώ.
el_0636.wav|έφτιαξα πρόχειρο τιμολόγιο για τον, εξήντα εννέα, δεκαεννέα, ογδόντα τέσσερα, τριακόσια ενενήντα τρία.
el_0637.wav|αφιμί, εβδομήντα ένα, εξήντα πέντε, πενήντα τέσσερα, μηδέν μηδέν τρία
el_0638.wav|επικοινωνία στο, εξήντα εννέα, σαράντα ένα, εξήντα έξι, ενενήντα τρία, πενήντα οκτώ.
el_0639.wav|σειρά βήτα, αριθμός τέσσερις χιλιάδες πεντακόσια έντεκα
el_0640.wav|άνοιξε το καδ.
el_0641.wav|κατάσταση, απορρίφθηκε
el_0642.wav|το παραστατικό εκδόθηκε με μαρκ, σαράντα έξι, εξήντα επτά, εβδομήντα έξι, σαράντα οκτώ, εβδομήντα δύο, είκοσι δύο, τριακόσια τριάντα τρία.
el_0643.wav|αναζήτηση στην ααδέ για αφιμί, σαράντα πέντε, δεκαέξι, εβδομήντα τέσσερα, μηδέν εννέα μηδέν.
el_0644.wav|ετοίμασα ζιπ με εκατόν ογδόντα τέσσερα πι ντι εφ παραστατικά.
el_0645.wav|ημερομηνία, πέντε δεκεμβρίου δύο χιλιάδες είκοσι πέντε
el_0646.wav|καταχωρήθηκε στην ααδέ με μαρκ, σαράντα εννέα, εξήντα δύο, είκοσι τρία, εξήντα τέσσερα, εξήντα ένα, είκοσι δύο, εξακόσια δεκαεννέα.
el_0647.wav|υπόλοιπο πελάτη, εβδομήντα ένα ευρώ
el_0648.wav|μαρκ, σαράντα, ογδόντα τέσσερα, εξήντα επτά, μηδέν ένα, μηδέν οκτώ, τριάντα πέντε, τετρακόσια τριάντα εννέα
el_0649.wav|τιμολόγιο παροχής υπηρεσιών
el_0650.wav|προσοχή, η αποστολή απέτυχε
el_0651.wav|ετοίμασα ζιπ με τριακόσια εννέα πι ντι εφ παραστατικά.
el_0652.wav|τηλέφωνο, είκοσι έξι, είκοσι ένα, πενήντα επτά, πενήντα οκτώ, είκοσι επτά
el_0653.wav|αναζήτηση στην ααδέ για αφιμί, είκοσι πέντε, μηδέν δύο, πενήντα πέντε, εννιακόσια πενήντα έξι.
el_0654.wav|αφιμί, ενενήντα πέντε, εξήντα πέντε, μηδέν δύο, επτακόσια πενήντα δύο
el_0655.wav|υπόλοιπο πελάτη, είκοσι τρεις χιλιάδες πεντακόσια πενήντα ένα ευρώ και σαράντα έξι λεπτά
el_0656.wav|εκδόθηκε στις δύο νοεμβρίου δύο χιλιάδες είκοσι πέντε.
el_0657.wav|κατάσταση, επιτυχία
el_0658.wav|κατάσταση, διαγραφή
el_0659.wav|ετοίμασα ζιπ με εκατόν εβδομήντα πι ντι εφ παραστατικά.
el_0660.wav|το παραστατικό εκδόθηκε με μαρκ, σαράντα δύο, εβδομήντα, πενήντα επτά, εξήντα, τριάντα εννέα, ογδόντα εννέα, τετρακόσια εξήντα οκτώ.
el_0661.wav|βρήκα τον πελάτη με αφιμί, εξήντα επτά, μηδέν τέσσερα, τριάντα επτά, εννιακόσια είκοσι οκτώ.
el_0662.wav|ετοίμασα ζιπ με οκτακόσια σαράντα επτά πι ντι εφ παραστατικά.
el_0663.wav|ο πελάτης με αφιμί, σαράντα επτά, ογδόντα τρία, εβδομήντα έξι, μηδέν τέσσερα επτά, καταχωρήθηκε.
el_0664.wav|ενενήντα δύο χιλιάδες εννιακόσια δεκαεπτά ευρώ
el_0665.wav|πληρωμή σαράντα έξι χιλιάδες εκατόν δεκαεπτά ευρώ καταχωρήθηκε.
el_0666.wav|έχεις πενήντα οκτώ αδιάβαστες ειδοποιήσεις.
el_0667.wav|τριάντα εννέα, εξήντα εννέα, σαράντα, επτακόσια σαράντα επτά
el_0668.wav|καθαρή αξία πενήντα πέντε χιλιάδες διακόσια είκοσι έξι ευρώ και πενήντα λεπτά.
el_0669.wav|φιπιά πέντε κόμμα πέντε τοις εκατό
el_0670.wav|σύνολο εβδομήντα τρεις χιλιάδες τριακόσια δεκαοκτώ ευρώ.
el_0671.wav|το αφιμί, τριάντα έξι, σαράντα επτά, πενήντα εννέα, πεντακόσια ενενήντα ένα, δεν υπάρχει στο πελατολόγιο.
el_0672.wav|αφιμί, δεκαοκτώ, σαράντα, είκοσι τρία, διακόσια πενήντα έξι
el_0673.wav|ημερομηνία, είκοσι μαρτίου δύο χιλιάδες είκοσι πέντε
el_0674.wav|ημερομηνία, είκοσι πέντε σεπτεμβρίου δύο χιλιάδες είκοσι τρία
el_0675.wav|ημερομηνία, είκοσι επτά μαρτίου δύο χιλιάδες είκοσι τρία
el_0676.wav|ετοίμασα ζιπ με εξακόσια σαράντα πι ντι εφ παραστατικά.
el_0677.wav|κατάσταση, ποσότητα
el_0678.wav|το αφιμί, εξήντα τρία, εβδομήντα ένα, πενήντα, πεντακόσια ένα, δεν υπάρχει στο πελατολόγιο.
el_0679.wav|αφιμί, εξήντα δύο, είκοσι οκτώ, εξήντα τρία, οκτακόσια σαράντα τέσσερα
el_0680.wav|προγραμματίστηκε για τις οκτώ και μισή.
el_0681.wav|κατάσταση, εκδόθηκε
el_0682.wav|ημερομηνία, έντεκα φεβρουαρίου δύο χιλιάδες είκοσι τέσσερα
el_0683.wav|είκοσι επτά, σαράντα επτά, σαράντα δύο, οκτακόσια δεκαοκτώ
el_0684.wav|παραστατικά από οκτώ αυγούστου δύο χιλιάδες είκοσι πέντε έως σήμερα.
el_0685.wav|Ξέρω μόνο από τιμολόγια — πες «βοήθεια» για παραδείγματα.
el_0686.wav|Ετοιμάζω μόνο ΠΡΟΧΕΙΡΟ. Την οριστική έκδοση την πατάς εσύ, με το κόκκινο κουμπί «Οριστική Έκδοση».
el_0687.wav|Ετοιμάζω μόνο πρόχειρο. Το ΜΑΡΚ το δίνει η ΑΑΔΕ όταν πατήσεις εσύ το κόκκινο «Οριστική Έκδοση».
el_0688.wav|Γεια σου! Πες μου τι θέλεις να κάνω.
el_0689.wav|Αυτό δεν το κάνω εγώ — χρειάζεται να το κάνεις μόνος σου από την αντίστοιχη σελίδα.
el_0690.wav|Εντάξει, το ακύρωσα.
el_0691.wav|Μπορώ να ετοιμάσω παραστατικό (πάντα ΠΡΟΧΕΙΡΟ), να ανοίξω σελίδες, καρτέλες και εταιρείες, και να απαντήσω για τζίρο και ειδοποιήσεις.
el_0692.wav|Δεν το κατάλαβα. Πες «βοήθεια» για παραδείγματα.
